group,n,approval_rate,mean_predicted_default,observed_default_rate,good_applicants,good_approval_rate,defaulted_applicants,bad_approval_rate,adverse_impact_ratio,below_four_fifths
104xx,1434,0.9386331938633193,0.2449181139144011,0.2880055788005579,1021.0,0.9696376101860921,413.0,0.8619854721549637,0.9564876296161543,False
191xx,685,0.9430656934306569,0.21359260244981093,0.21751824817518248,536.0,0.9682835820895522,149.0,0.8523489932885906,0.9610044430339575,False
208xx,525,0.9466666666666667,0.19884514736100237,0.19238095238095237,424.0,0.9740566037735849,101.0,0.8316831683168316,0.9646739130434783,False
800xx,865,0.9491329479768786,0.2025315254042677,0.15838150289017341,728.0,0.9752747252747253,137.0,0.8102189781021898,0.9671871073133954,False
967xx,658,0.9498480243161094,0.22529723601161267,0.196048632218845,529.0,0.9716446124763705,129.0,0.8604651162790697,0.9679157856482093,False
926xx,1194,0.9505862646566164,0.19790283178824108,0.20435510887772193,950.0,0.9768421052631578,244.0,0.8483606557377049,0.9686680686038891,False
331xx,1671,0.9509275882704967,0.21309650625852258,0.23518850987432674,1278.0,0.9694835680751174,393.0,0.8905852417302799,0.9690158847865117,False
335xx,633,0.9510268562401264,0.20885332532553263,0.20695102685624012,502.0,0.9780876494023905,131.0,0.8473282442748091,0.9691170410055636,False
347xx,552,0.9510869565217391,0.2095401037710549,0.21195652173913043,435.0,0.9701149425287356,117.0,0.8803418803418803,0.9691782844990549,False
907xx,541,0.9519408502772643,0.20554870249993987,0.2088724584103512,428.0,0.9813084112149533,113.0,0.8407079646017699,0.9700484207988427,False
551xx,542,0.9520295202952029,0.19916322028628833,0.2011070110701107,433.0,0.976905311778291,109.0,0.8532110091743119,0.9701387774747313,False
922xx,569,0.9525483304042179,0.21128001634324622,0.20738137082601055,451.0,0.975609756097561,118.0,0.864406779661017,0.9706674562542982,False
114xx,781,0.9526248399487837,0.22877229311124023,0.23047375160051217,601.0,0.9700499168053245,180.0,0.8944444444444445,0.9707454211434616,False
302xx,665,0.9533834586466166,0.21032826206838212,0.20150375939849624,531.0,0.9792843691148776,134.0,0.8507462686567164,0.9715184700882642,False
113xx,1080,0.9537037037037037,0.20724230489892576,0.20092592592592592,863.0,0.9721900347624566,217.0,0.880184331797235,0.9718448067632851,False
112xx,2056,0.9537937743190662,0.2114093901694418,0.2169260700389105,1610.0,0.9745341614906833,446.0,0.8789237668161435,0.9719365906783963,False
917xx,1502,0.9540612516644474,0.21124717507262178,0.2070572569906791,1191.0,0.9706129303106633,311.0,0.8906752411575563,0.9722091559080647,False
919xx,504,0.9543650793650794,0.21288094796986615,0.22023809523809523,393.0,0.9694656488549618,111.0,0.9009009009009009,0.9725187629399586,False
334xx,1103,0.9546690843155031,0.20490828239405068,0.19764279238440616,885.0,0.976271186440678,218.0,0.8669724770642202,0.9728285505932437,False
432xx,509,0.9548133595284872,0.19849019431549914,0.1944990176817289,410.0,0.9878048780487805,99.0,0.8181818181818182,0.9729755701716922,False
322xx,642,0.9548286604361371,0.20686531097493446,0.22585669781931464,497.0,0.9859154929577465,145.0,0.8482758620689655,0.9729911621292159,False
890xx,758,0.9551451187335093,0.21061563600498537,0.20712401055408972,601.0,0.9750415973377704,157.0,0.8789808917197452,0.9733136400137663,False
370xx,513,0.9551656920077972,0.2142660423250032,0.15594541910331383,433.0,0.9722863741339491,80.0,0.8625,0.9733346046275108,False
282xx,675,0.9555555555555556,0.2064563718375888,0.2088888888888889,534.0,0.9775280898876404,141.0,0.8723404255319149,0.9737318840579711,False
770xx,1528,0.956151832460733,0.2011781568934915,0.21596858638743455,1198.0,0.9741235392320534,330.0,0.8909090909090909,0.9743395031868883,False
906xx,593,0.9561551433389545,0.20317346642306353,0.2057335581787521,471.0,0.9830148619957537,122.0,0.8524590163934426,0.9743428770437715,False
953xx,756,0.9563492063492064,0.20486135713617376,0.18253968253968253,618.0,0.9773462783171522,138.0,0.8623188405797102,0.9745406314699794,False
462xx,509,0.9567779960707269,0.2113680837635455,0.2180746561886051,398.0,0.9698492462311558,111.0,0.9099099099099099,0.9749775775177245,False
925xx,1188,0.9570707070707071,0.20738597280506685,0.18771043771043772,965.0,0.9740932642487047,223.0,0.8834080717488789,0.9752758563899869,False
328xx,676,0.9571005917159763,0.21087047171801115,0.22928994082840237,521.0,0.9750479846449136,155.0,0.896774193548387,0.9753063094931824,False
480xx,840,0.9571428571428572,0.20379872609516952,0.20238095238095238,670.0,0.9791044776119403,170.0,0.8705882352941177,0.9753493788819877,False
923xx,887,0.9571589627959414,0.214116381432688,0.21307779030439683,698.0,0.9813753581661891,189.0,0.8677248677248677,0.9753657908926033,False
951xx,867,0.9573241061130334,0.19881153121833112,0.2041522491349481,690.0,0.9840579710144928,177.0,0.8531073446327684,0.9755340755227923,False
802xx,943,0.9575821845174973,0.19927996185781163,0.14422057264050903,807.0,0.9739776951672863,136.0,0.8602941176470589,0.975797063027341,False
900xx,1545,0.9585760517799353,0.19943167593760447,0.19676375404530744,1241.0,0.9790491539081386,304.0,0.875,0.9768098353735755,False
921xx,1242,0.9589371980676329,0.196778347354294,0.22061191626409019,968.0,0.9793388429752066,274.0,0.8868613138686131,0.9771778512917455,False
441xx,711,0.9592123769338959,0.1984544495279742,0.19831223628691982,570.0,0.9719298245614035,141.0,0.9078014184397163,0.9774582645386168,False
336xx,541,0.9593345656192237,0.20492282081300972,0.22365988909426987,420.0,0.9833333333333333,121.0,0.8760330578512396,0.9775827774652416,False
070xx,1634,0.9596083231334149,0.19980075542069534,0.20501835985312117,1299.0,0.9807544264819091,335.0,0.8776119402985074,0.9778617423234528,False
115xx,570,0.9596491228070175,0.20157787108882877,0.23333333333333334,437.0,0.9748283752860412,133.0,0.9097744360902256,0.9779033180778033,False
782xx,893,0.9608062709966405,0.20738055484015816,0.21836506159014557,698.0,0.9756446991404012,195.0,0.9076923076923077,0.9790824772384245,False
553xx,849,0.9611307420494699,0.19446850794513862,0.18256772673733804,694.0,0.978386167146974,155.0,0.8838709677419355,0.9794131202949762,False
956xx,988,0.9615384615384616,0.1930325245484093,0.1862348178137652,804.0,0.9850746268656716,184.0,0.8586956521739131,0.9798285953177258,False
117xx,1339,0.9619118745332338,0.20046084815234844,0.22330097087378642,1040.0,0.9807692307692307,299.0,0.8963210702341137,0.9802091112770726,False
554xx,773,0.96248382923674,0.19821232788582221,0.18240620957309184,632.0,0.9683544303797469,141.0,0.9361702127659575,0.9807919455537433,False
210xx,614,0.9625407166123778,0.19361079291276584,0.16938110749185667,510.0,0.9823529411764705,104.0,0.8653846153846154,0.9808499150262003,False
440xx,534,0.9625468164794008,0.19921174405442788,0.1891385767790262,433.0,0.9792147806004619,101.0,0.8910891089108911,0.9808561309233025,False
891xx,1605,0.9626168224299065,0.2104567393873801,0.23426791277258566,1229.0,0.9780309194467046,376.0,0.9122340425531915,0.9809274685087364,False
852xx,1285,0.9626459143968872,0.18619509931176992,0.19221789883268484,1038.0,0.9759152215799615,247.0,0.9068825910931174,0.9809571138555236,False
752xx,783,0.9629629629629629,0.19199699903717127,0.17624521072796934,645.0,0.9844961240310077,138.0,0.8623188405797102,0.981280193236715,False
928xx,1032,0.9631782945736435,0.2024320479014159,0.187015503875969,839.0,0.9809296781883194,193.0,0.8860103626943006,0.9814996208291205,False
337xx,544,0.9632352941176471,0.1975995636746682,0.22058823529411764,424.0,0.9787735849056604,120.0,0.9083333333333333,0.9815577046035806,False
021xx,953,0.9632738719832109,0.1856160701206608,0.1626442812172088,798.0,0.9761904761904762,155.0,0.896774193548387,0.9815970162872394,False
080xx,1038,0.964354527938343,0.19745575417280697,0.22736030828516376,802.0,0.9812967581047382,236.0,0.9067796610169492,0.9826982281980398,False
902xx,871,0.9644087256027555,0.19618593714448787,0.18484500574052812,710.0,0.9802816901408451,161.0,0.8944099378881988,0.9827534567962862,False
300xx,1883,0.9644184811471057,0.19179685763806903,0.16250663834306958,1577.0,0.9803424223208624,306.0,0.8823529411764706,0.9827633979080561,False
945xx,2264,0.9646643109540636,0.19390440559793246,0.18286219081272084,1850.0,0.9794594594594594,414.0,0.8985507246376812,0.9830139038254725,False
940xx,710,0.9647887323943662,0.18956946690937543,0.16901408450704225,590.0,0.9745762711864406,120.0,0.9166666666666666,0.9831406919779548,False
064xx,628,0.964968152866242,0.1856064951102485,0.16401273885350318,525.0,0.9733333333333334,103.0,0.9223300970873787,0.9833235253392413,False
920xx,974,0.9650924024640657,0.19772220583268002,0.2053388090349076,774.0,0.9819121447028424,200.0,0.9,0.9834501383805018,False
301xx,946,0.9651162790697675,0.2028872225816815,0.1744186046511628,781.0,0.9884763124199744,165.0,0.8545454545454545,0.9834744691607685,False
950xx,603,0.9651741293532339,0.18198691705516126,0.1724709784411277,499.0,0.9799599198396793,104.0,0.8942307692307693,0.9835334198572356,False
330xx,1485,0.9656565656565657,0.21344663113352286,0.2383838383838384,1131.0,0.9840848806366048,354.0,0.9067796610169492,0.9840250329380764,False
333xx,793,0.9659520807061791,0.2023019976089383,0.2244640605296343,615.0,0.9869918699186991,178.0,0.8932584269662921,0.9843261691978727,False
600xx,941,0.9659936238044633,0.18622571249977643,0.18384697130712008,768.0,0.9817708333333334,173.0,0.8959537572254336,0.9843685025181352,False
207xx,883,0.9660249150622876,0.19696951886511763,0.24122310305775765,670.0,0.9835820895522388,213.0,0.9107981220657277,0.984400388990103,False
958xx,745,0.9664429530201343,0.2048988146860128,0.1906040268456376,603.0,0.9751243781094527,142.0,0.9295774647887324,0.9848263787569304,False
606xx,1855,0.9665768194070081,0.19354172326857605,0.17412398921832883,1532.0,0.9849869451697127,323.0,0.8792569659442725,0.9849627915152936,False
088xx,869,0.9666283084004603,0.19770922761501408,0.21058688147295743,686.0,0.9854227405247813,183.0,0.8961748633879781,0.9850152599189473,False
913xx,1182,0.9670050761421319,0.19484218381142676,0.20304568527918782,942.0,0.9840764331210191,240.0,0.9,0.9853991944383138,False
930xx,524,0.9675572519083969,0.19560256828778402,0.1717557251908397,434.0,0.9815668202764977,90.0,0.9,0.9859618735479588,False
028xx,562,0.9679715302491103,0.19787633286187056,0.1601423487544484,472.0,0.9788135593220338,90.0,0.9111111111111111,0.9863840321831967,False
983xx,533,0.9681050656660413,0.20223616303943467,0.15196998123827393,452.0,0.9823008849557522,81.0,0.8888888888888888,0.9865201076759932,False
601xx,1041,0.968299711815562,0.19132075510488805,0.17098943323727187,863.0,0.9837775202780996,178.0,0.8932584269662921,0.9867184563337928,False
605xx,727,0.9683631361760661,0.19001017128238135,0.16368638239339753,608.0,0.9851973684210527,119.0,0.8823529411764706,0.986783087135937,False
775xx,734,0.9686648501362398,0.1914243382672697,0.20299727520435967,585.0,0.9811965811965812,149.0,0.9194630872483222,0.9870905402203531,False
840xx,767,0.9687092568448501,0.1999468472836287,0.15514993481095177,648.0,0.9753086419753086,119.0,0.9327731092436975,0.9871357916217902,False
857xx,544,0.96875,0.19604963793932567,0.20036764705882354,435.0,0.9816091954022989,109.0,0.9174311926605505,0.9871773097826088,False
483xx,678,0.9690265486725663,0.19430934552698675,0.20943952802359883,536.0,0.9813432835820896,142.0,0.9225352112676056,0.9874591188918815,False
430xx,649,0.9691833590138675,0.19154292336382975,0.18181818181818182,531.0,0.9849340866290018,118.0,0.8983050847457628,0.9876189120385879,False
303xx,686,0.9693877551020408,0.19162308283896892,0.16034985422740525,576.0,0.9756944444444444,110.0,0.9363636363636364,0.9878271960958297,False
970xx,560,0.9696428571428571,0.19474106945054503,0.14464285714285716,479.0,0.9895615866388309,81.0,0.8518518518518519,0.9880871506211181,False
787xx,728,0.9697802197802198,0.18088259923793806,0.14148351648351648,625.0,0.9824,103.0,0.8932038834951457,0.9882271261347348,False
972xx,599,0.9699499165275459,0.18697179454419796,0.15692821368948248,505.0,0.9861386138613861,94.0,0.8829787234042553,0.9884000508093199,False
100xx,1531,0.9699542782495101,0.1889137295024774,0.17896799477465708,1257.0,0.9880668257756563,274.0,0.8868613138686131,0.9884044954988215,False
327xx,742,0.9703504043126685,0.19469739370995257,0.21293800539083557,584.0,0.9794520547945206,158.0,0.9367088607594937,0.9888081565686161,False
981xx,611,0.9705400981996727,0.18555295245488568,0.1309328968903437,531.0,0.9792843691148776,80.0,0.9125,0.9890014587632535,False
212xx,782,0.9705882352941176,0.20002209798536782,0.23529411764705882,598.0,0.9882943143812709,184.0,0.9130434782608695,0.9890505115089514,False
201xx,887,0.9706877113866967,0.17523673342398122,0.1555806087936866,749.0,0.9879839786381842,138.0,0.8768115942028986,0.9891518798098133,False
980xx,933,0.9710610932475884,0.18889495700912853,0.13719185423365488,805.0,0.9801242236024845,128.0,0.9140625,0.9895323640430589,False
481xx,1084,0.9714022140221402,0.20102914231884433,0.18911439114391143,879.0,0.9863481228668942,205.0,0.9073170731707317,0.9898799735279962,False
760xx,988,0.97165991902834,0.19556337419222208,0.19433198380566802,796.0,0.9886934673366834,192.0,0.9010416666666666,0.9901425805315965,False
190xx,611,0.972176759410802,0.19369903733273539,0.19312602291325695,493.0,0.9756592292089249,118.0,0.9576271186440678,0.9906692521169858,False
751xx,616,0.9724025974025974,0.20238824633565042,0.18181818181818182,504.0,0.9861111111111112,112.0,0.9107142857142857,0.9908993859401468,False
346xx,544,0.9724264705882353,0.2012957061430005,0.21691176470588236,426.0,0.9859154929577465,118.0,0.923728813559322,0.9909237132352942,False
761xx,654,0.9724770642201835,0.19569810362461607,0.20948012232415902,517.0,0.9864603481624759,137.0,0.9197080291970803,0.990975269246111,False
853xx,1102,0.9727767695099818,0.2000853242783914,0.20326678765880218,878.0,0.9851936218678815,224.0,0.9241071428571429,0.9912806754517478,False
200xx,564,0.973404255319149,0.17603848562126675,0.13297872340425532,489.0,0.9815950920245399,75.0,0.92,0.991920097132285,False
982xx,590,0.9745762711864406,0.20219953193178408,0.1711864406779661,489.0,0.9775051124744376,101.0,0.9603960396039604,0.993114406779661,False
060xx,593,0.9747048903878583,0.19353834551225513,0.16863406408094436,493.0,0.9756592292089249,100.0,0.97,0.9932454725419753,False
850xx,931,0.9752953813104189,0.19071491985965058,0.17400644468313642,769.0,0.9830949284785435,162.0,0.9382716049382716,0.9938471956288237,False
604xx,1053,0.9753086419753086,0.19491641815546404,0.19848053181386516,844.0,0.9893364928909952,209.0,0.9186602870813397,0.9938607085346216,False
801xx,695,0.9755395683453237,0.18511287524831954,0.12661870503597122,607.0,0.9835255354200988,88.0,0.9204545454545454,0.9940960275258055,False
774xx,907,0.9757442116868799,0.18295889904992632,0.19625137816979052,729.0,0.9849108367626886,178.0,0.9382022471910112,0.9943045635396195,False
773xx,918,0.9760348583877996,0.19885619806706803,0.21568627450980393,720.0,0.9902777777777778,198.0,0.9242424242424242,0.9946007388462632,False
275xx,802,0.9763092269326683,0.199459928622334,0.23067331670822944,617.0,0.9902755267423015,185.0,0.9297297297297298,0.994880326358018,False
941xx,860,0.9767441860465116,0.16728773276680464,0.14302325581395348,737.0,0.9850746268656716,123.0,0.926829268292683,0.9953235591506573,False
296xx,510,0.9784313725490196,0.1867948084139322,0.12745098039215685,445.0,0.9842696629213483,65.0,0.9384615384615385,0.9970428388746804,False
750xx,2188,0.9785191956124314,0.18885928174403369,0.18053016453382084,1793.0,0.9871723368655884,395.0,0.9392405063291139,0.997132332485494,False
786xx,750,0.9813333333333333,0.17909853621273833,0.172,621.0,0.9855072463768116,129.0,0.9612403100775194,1.0,False
